{
    "indices": [0, 1, 2, 3, 4, 5, 6, 7, 8, 9, 10, 11, 12, 13, 14, 15, 16, 17, 18, 19, 20, 21, 22, 23, 24, 25, 26, 27, 28, 29, 30, 31, 32, 33, 34, 35, 36, 37, 38, 39, 40, 41, 42, 43, 44, 45, 46, 47, 48, 49],
    "new_positions": [
        [0.292999, 0.0, 0.0], 
        [7.771, 0.0, 0.0], 
        [15.249, 0.0, 0.0], 
        [22.727, 0.0, 0.0], 
        [30.205, 0.0, 0.0], 
        [0.292999, 0.0, -7.6244], 
        [7.771, 0.0, -7.6244], 
        [15.249, 0.0, -7.6244], 
        [22.727, 0.0, -7.6244], 
        [30.205, 0.0, -7.6244], 
        [0.292999, 0.0, -15.249], 
        [7.771, 0.0, -15.249], 
        [15.249, 0.0, -15.249], 
        [22.727, 0.0, -15.249], 
        [30.205, 0.0, -15.249], 
        [0.292999, 0.0, -22.8736], 
        [7.771, 0.0, -22.8736], 
        [15.249, 0.0, -22.8736], 
        [22.727, 0.0, -22.8736], 
        [30.205, 0.0, -22.8736], 
        [0.292999, 0.0, -30.498], 
        [7.771, 0.0, -30.498], 
        [15.249, 0.0, -30.498], 
        [22.727, 0.0, -30.498], 
        [30.205, 0.0, -30.498], 
        [50.292999, 151.32, 0.0], 
        [57.771, 151.32, 0.0], 
        [65.249, 151.32, 0.0], 
        [72.727, 151.32, 0.0], 
        [80.205, 151.32, 0.0], 
        [50.292999, 151.32, -7.6244], 
        [57.771, 151.32, -7.6244], 
        [65.249, 151.32, -7.6244], 
        [72.727, 151.32, -7.6244], 
        [80.205, 151.32, -7.6244], 
        [50.292999, 151.32, -15.249], 
        [57.771, 151.32, -15.249], 
        [65.249, 151.32, -15.249], 
        [72.727, 151.32, -15.249], 
        [80.205, 151.32, -15.249], 
        [50.292999, 151.32, -22.8736], 
        [57.771, 151.32, -22.8736], 
        [65.249, 151.32, -22.8736], 
        [72.727, 151.32, -22.8736], 
        [80.205, 151.32, -22.8736], 
        [50.292999, 151.32, -30.498], 
        [57.771, 151.32, -30.498], 
        [65.249, 151.32, -30.498], 
        [72.727, 151.32, -30.498], 
        [80.205, 151.32, -30.498]]
    }