{"indices": [0, 17, 18, 27, 29, 36, 37, 47, 48, 49, 64, 66, 67, 81, 82, 93, 94, 98, 105, 108, 109, 110, 121, 122, 137, 139, 152, 153, 179, 181, 188, 189, 204, 206, 207, 209, 211, 216, 229, 231, 232, 235, 239, 240, 241, 284, 288, 289, 291, 293, 296, 300, 307, 316, 324, 328, 330, 346, 356, 380, 401, 412, 431, 433, 470, 507, 518, 571, 574, 580, 584, 601, 606, 641, 670, 677, 679, 682, 688, 693, 710, 720, 729, 730, 740, 743, 746, 754, 761, 762, 770, 775, 781, 784, 788, 794, 795, 803, 808, 809, 816, 818, 821, 822, 825], "new_positions": [[-0.317609, -0.547101, 0.0205811], [0.276029, -0.543279, 0.0413329], [0.195394, -0.57163, 0.0412706], [0.282027, -0.569712, 0.0505104], [0.199672, -0.568541, 0.147325], [-0.183852, -0.571408, 0.153887], [0.16183, -0.522289, 0.0478198], [0.154505, -0.563432, 0.0165765], [-0.198003, -0.560208, 0.0265953], [0.270739, -0.565677, 0.0334553], [0.249603, -0.562953, 0.106162], [0.144096, -0.537546, 0.0336939], [-0.268114, -0.557206, 0.106003], [-0.286127, -0.52017, 0.0246491], [0.225118, -0.528908, 0.0288175], [0.17121, -0.52794, 0.0104391], [-0.300801, -0.564991, 0.0147635], [0.20363, -0.539053, -0.0109309], [-0.173748, -0.491857, 0.0686075], [0.161029, -0.567957, 0.174486], [-0.339686, -0.541938, 0.0259783], [-0.343057, -0.568914, 0.0270174], [0.221572, -0.550856, -0.00482629], [0.247925, -0.562519, 0.0215509], [-0.282782, -0.532628, 0.000711315], [0.228017, -0.527896, 0.0517497], [-0.150512, -0.507459, 0.132857], [0.246281, -0.548917, 0.0403293], [-0.204527, -0.521966, 0.0191744], [-0.250569, -0.535141, 0.00716981], [0.208011, -0.499498, 0.116475], [-0.252139, -0.572608, 0.0131633], [0.108856, -0.480503, 0.158068], [-0.242167, -0.527808, -0.010471], [0.239403, -0.540865, -0.000478757], [-0.291034, -0.556754, -0.0186399], [0.210256, -0.538281, 0.144824], [-0.221835, -0.543452, 0.146886], [-0.266875, -0.534055, 0.104198], [-0.305768, -0.519882, 0.0619264], [-0.176352, -0.535981, 0.0612654], [-0.184742, -0.57615, 0.0860791], [-0.218526, -0.541179, -0.0107152], [-0.313887, -0.540362, -0.00565472], [-0.225384, -0.564548, -0.0107844], [-0.181906, -0.502268, 0.150441], [0.108245, -0.510189, 0.145026], [0.175996, -0.522211, 0.18152], [0.242182, -0.575827, -0.0157305], [-0.136043, -0.558092, 0.145582], [-0.15324, -0.533082, 0.100213], [0.180271, -0.569896, 0.121058], [-0.312766, -0.542168, -0.0304764], [-0.309019, -0.568842, 0.0665823], [0.205449, -0.565173, -0.0185427], [-0.327594, -0.56698, -0.0254948], [0.238701, -0.576611, 0.065851], [0.188672, -0.543506, -0.0295524], [-0.316499, -0.563463, -0.0424955], [-0.284106, -0.567588, 0.0465435], [0.198007, -0.51202, 0.0656769], [-0.263581, -0.561581, -0.0664054], [0.115992, -0.540576, 0.20589], [0.140678, -0.556223, 0.206288], [-0.234145, -0.508138, 0.0394401], [0.111569, -0.514422, 0.186965], [-0.299954, -0.542617, 0.0895114], [-0.253311, -0.482338, 0.0650059], [0.246569, -0.523873, 0.0728584], [0.267707, -0.551284, 0.0653288], [0.133678, -0.558906, 0.0768344], [-0.166978, -0.539938, 0.165479], [0.204529, -0.525099, 0.0195164], [0.139133, -0.504874, 0.0934578], [1.367542, 1.35022, -0.185912], [0.121038, -0.570795, 0.158384], [1.334203, 1.311586, -0.18917], [0.101021, -0.5405, 0.169264], [1.3823400000000001, 1.343596, -0.201376], [1.427481, 1.265231, -0.182077], [1.4257659999999999, 1.284506, -0.209741], [0.12811, -0.480437, 0.191772], [1.345912, 1.348994, -0.219485], [1.356636, 1.29111, -0.223968], [-0.239034, -0.493955, 0.121275], [0.108692, -0.541171, 0.129458], [1.395689, 1.323604, -0.23446], [1.337906, 1.379843, -0.208252], [1.3459780000000001, 1.329238, -0.235828], [1.42547, 1.270606, -0.241654], [1.363501, 1.330691, -0.257165], [1.408756, 1.296902, -0.2511], [1.376021, 1.354701, -0.244533], [1.363407, 1.310052, -0.257869], [1.378165, 1.2938640000000001, -0.259641], [0.137121, -0.517726, 0.203311], [1.392787, 1.281106, -0.266187], [1.348884, 1.366952, -0.246671], [1.345315, 1.3522910000000001, -0.262713], [1.3962189999999999, 1.31758, -0.270987], [1.377043, 1.333428, -0.272238], [-0.241028, -0.57236, 0.109834], [1.400503, 1.291763, -0.27438], [1.4028260000000001, 1.2645279999999999, -0.274417], [1.360786, 1.316454, -0.285082]]}